Серия,Наименование,Опт,Розница,Ед.,Наличие,Новинка
LIMUSLIM,"Муслим Лото ""LIMUSLIM""",165,180,шт,,
LIMUSLIM,"Пропись 28 - 29 джузы ""LIMUSLIM""",190,230,шт,,
LIMUSLIM,"Пропись Аль Бакара ""LIMUSLIM""",170,200,шт,,
LIMUSLIM,"Тетрадь A5 ""LIMUSLIM""",100,120,шт,,
Wasat Media,Благочестие к Родителям,470,550,шт,,
Wasat Media,Болезни сердец,650,700,шт,,
Wasat Media,Вечерние рассказы,670,750,шт,,
Wasat Media,Инас - история о духовном пробуждении,650,750,шт,,
Wasat Media,Качества лицемеров,600,700,шт,,
Wasat Media,Качества присущие людям во времена доисламского невежества,750,850,шт,,
Wasat Media,Китаб аль-Иман,470,550,шт,,
Wasat Media,Книга набожности,650,700,шт,,
Wasat Media,Между послушанием и строптивостью жены,160,200,шт,,
Wasat Media,Научил меня аят,650,700,шт,,
Wasat Media,Озаренный тоска сердца по небесам,500,550,шт,,
Wasat Media,Потому что ты - Аллах 1 часть,500,550,шт,,
Wasat Media,Потому что ты - Аллах 2 часть,500,550,шт,,
Wasat Media,Почему мы здесь?,600,700,шт,,
Wasat Media,"Причины и деяния, умножающие награду",560,600,шт,,
Wasat Media,Собрания в месяц Рамадан,650,700,шт,,
Wasat Media,Сунна побуждает нас хорошо относиться к женам,130,150,шт,,
Wasat Media,Утренние рассказы,670,750,шт,,
Wasat Media,Хадис о расколе общины,450,500,шт,,
Амаль,"40 хадисов для искателей знаний ""Амаль""",425,500,шт,,
Амаль,"40 хадисов имама Ан-Навави ""Амаль""",500,600,шт,,
Амаль,"40 хадисов о величии Господа миров ""Амаль""",650,750,шт,,
Амаль,"Вероучение благородных предшественников ""Амаль""",600,700,шт,,
Амаль,"Десять Обрадованных Раем ""Амаль""",950,1100,шт,,
Амаль,Десять польз утреннего намаза в мечети,90,120,шт,,
Амаль,"Картинки из жизни сподвижниц ""Амаль""",380,450,шт,,
Амаль,"Кольчуга Верующего ""Амаль""",550,650,шт,,
Амаль,Лучший пример - Пророк Мухаммад,700,800,шт,,
Амаль,"Мать верующих Айша ""Амаль""",850,1000,шт,,
Амаль,Молитва и омовение больного,460,550,шт,,
Амаль,Мусульманские школы вероучения,415,500,шт,,
Амаль,"Наш славный путь в Андалусию ""Амаль""",330,400,шт,,
Амаль,"О мой сын! ""Амаль""",70,100,шт,,
Амаль,"Описание Молитвы Пророка ""Амаль""",500,600,шт,,
Амаль,Покоритель Константинополя. Султан Мехмед Фатих,950,1100,шт,,
Амаль,"Почему мы молимся ""Амаль""",500,600,шт,,
Амаль,"Правила приличия в Исламе ""Амаль""",250,300,шт,,
Амаль,"Пречистые ""Амаль""",1200,1400,шт,,
Амаль,"Путеводитель благочестивых ""Амаль""",380,450,шт,,
Амаль,Путь к Корану,460,550,шт,,
Амаль,"Смягчение сердец Кораном ""Амаль""",415,500,шт,,
Амаль,"Сорок назиданий ""Амаль""",70,100,шт,,
Амаль,"Сунны Пророка ""Амаль""",550,650,шт,,
Амаль,"Сура Каф ""Амаль""",415,500,шт,,
Амаль,"Твоя мольба будет услышана ""Амаль""",250,300,шт,,
Амаль,"Титаны Истории ""Амаль""",1300,1500,шт,,
Амаль,Формирование Вероубеждения подрастающего поколения,400,500,шт,,
Бадр,"""Бадриййун"" участники битвы при Бадре",600,700,шт,,
Бадр,100 вопросов и ответов по единобожию,120,150,шт,,
Бадр,100 вопросов касающихся женщин,120,150,шт,,
Бадр,"100 дуа ""Бадр""",160,200,шт,,
Бадр,100 мотиваций для успеха,90,120,шт,,
Бадр,100 мудростей и изречений,80,120,шт,,
Бадр,100 путей ведущих в рай,120,150,шт,,
Бадр,100 решений супружеских проблем,145,170,шт,,
Бадр,100 советов по воспитанию детей,90,120,шт,,
Бадр,100 хадисов про это...,100,150,шт,,
Бадр,100 шагов ведущих к единству уммы,170,200,шт,,
Бадр,500 вопросов и ответов о джиннах,950,1100,шт,,
Бадр,"Аль Кудс ""Бадр""",140,170,шт,,
Бадр,"Арабские прописи ""Бадр""",80,100,шт,,
Бадр,"Арабский язык ""Бальсам""",100,120,шт,,
Бадр,Брак и развод в Исламе,80,120,шт,,
Бадр,"Гази-Мухаммад ""Доного""",1900,2200,шт,,
Бадр,Десять золотых правил для очищения души,100,125,шт,,
Бадр,Дети Мусульман обязаны знать,450,500,шт,,
Бадр,"Достоинства Пророка Мухаммада  ""Бадр""",350,450,шт,,
Бадр,Его воспитал сам Аллах большой формат,650,750,шт,,
Бадр,"Закладки ""Бадр""",80,100,шт,,
Бадр,"Ибн Таймиййа ""Бадр""",900,100,шт,,
Бадр,"Из тесноты к свету ""Бадр""",500,600,шт,,
Бадр,"Имам Шамиль ""Доного""",1900,2200,шт,,
Бадр,"Исламские вопросы и ответы ""Бадр""",120,150,шт,,
Бадр,"Исцеление сердец ""Бадр""",500,600,шт,,
Бадр,"Мать Верующих - Айша ""Бадр""",1300,1500,шт,,
Бадр,"Намаз ""Бальсам""",250,300,шт,,
Бадр,"Начни с Себя ""БадрБук""",500,600,шт,,
Бадр,"Наших нравов достаточно! ""Бадр""",500,600,шт,,
Бадр,Оберегание человека от джинов и шайтанов,450,550,шт,,
Бадр,"Поиск близости к Аллаху ""Бадр""",400,500,шт,,
Бадр,"Путь к успеху Намаз ""Бадр""",210,250,шт,,
Бадр,"Сады Благочестивых ""БадрБук""",1300,1500,шт,,
Бадр,Смягчение сердец,500,600,шт,,
Бадр,Толкование последних трех частей Священного Корана,435,500,шт,,
Бадр,Фетвы по столпам Ислама,1100,1300,шт,,
Бадр,Халид ибн Аль - Валид,950,1100,шт,,
Бадр,"Цветы утолящие жажду, в похвале Пророка (на арабском)",120,150,шт,,
Бадр,Я хочу покаяться но...,280,350,шт,,
Дарс Медиа,"Вероубеждение Аль - Кавказия ""дарс медиа""",470,550,шт,,
Дарс Медиа,"Женские вопросы ""Дарс медиа""",325,400,шт,,
Дарс Медиа,"Женщины и все, что связано с ними",950,1100,шт,,
Дарс Медиа,"Избранное ""Дарс медиа""",900,1000,шт,,
Дарс Медиа,Извещение. Разъяснение пунктов выводящих из Ислама,500,600,шт,,
Дарс Медиа,Кааб ибн Малик: История любви,500,600,шт,,
Дарс Медиа,Мой Хадж и Умра,125,150,шт,,
Дарс Медиа,Послания от Пророка,875,1000,шт,,
Дарс Медиа,"Посол знаний и призыва ""Дарс медиа""",750,850,шт,,
Дарс Медиа,Посыл из каждого Аята,350,400,шт,,
Дарс Медиа,"Почтительность к родителям ""Дарс медиа""",500,600,шт,,
Дарс Медиа,Права друга и взаимодействие с ним,470,550,шт,,
Дарс Медиа,Правило об атрибутах Аллаха и Его возвышенности над троном,450,550,шт,,
Дарс Медиа,Пятидневное путешествие К Аллаху,650,750,шт,,
Дарс Медиа,"Румайса ""Дарс медиа""",550,650,шт,,
Дарс Медиа,"Са'д ибн Муаз ""Дарс медиа""",550,650,шт,,
Дарс Медиа,"Сладость Молитвы ""Дарс Медиа""",300,350,шт,,
Дарс Медиа,"Сомнения об Исламе ""Дарс медиа""",260,300,шт,,
Дарс Медиа,Ты тоже сподвижница,550,650,шт,,
Дарс Медиа,"Хавват ибн Джубейр ""Дарс Медиа""",450,550,шт,,
Дарс Медиа,"Хиджаб ""Дарс медиа""",500,600,шт,,
Даура,Вероубеждение прежде всего,720,850,шт,,
Даура,Достоинства Единобожия,375,550,шт,,
Даура,"Книга Молитвы ""Даура""",900,1100,шт,,
Даура,Пути мира,950,1200,шт,,
Даура,Тафсир Аль - Багави 1 том,625,750,шт,,
Даура,Тафсир суры аль-Бакара,1500,1950,шт,,
Инсан Медиа,"10 сподвижников ""Инсан медиа""",160,280,шт,,
Инсан Медиа,"12 месяцев в исламе ""Инса медиа""",170,300,шт,,
Инсан Медиа,Арабский алфавит с наклейками и лабиринтами,200,350,шт,,
Инсан Медиа,"Веселый букварь ""Инсан медиа""",350,500,шт,,
Инсан Медиа,"Викторина - Сира Пророка ""Инсан медиа""",260,400,шт,,
Инсан Медиа,Дневник Рамадана малышам,320,550,шт,,
Инсан Медиа,"Дуа перекидные ""Инсан медиа""",150,260,шт,,
Инсан Медиа,Живая Азбука,120,200,шт,,
Инсан Медиа,"Игра ""Мечети""",60,120,шт,,
Инсан Медиа,"Игра ""Учим цифры""",60,120,шт,,
Инсан Медиа,"Ислам и цифры малышам ""Инсан медиа""",170,300,шт,,
Инсан Медиа,"Карточки ""Сокровище души""",130,250,шт,,
Инсан Медиа,"Карточки ""Человек творение Всевышнего""",150,260,шт,,
Инсан Медиа,Малышам про тахарат,150,300,шт,,
Инсан Медиа,Меморина Азбука,150,250,шт,,
Инсан Медиа,"Мой первый лунный календарь ""Инсан медиа""",250,370,шт,,
Инсан Медиа,"Муаллим Сани + Прописи ""Инсан медиа""",180,300,шт,,
Инсан Медиа,"Непростой алфавит ""Инсан Медиа""",300,500,шт,,
Инсан Медиа,Папы Мамы Малыши,170,300,шт,,
Инсан Медиа,"Плакат двустор. ар.алфавит ""Животные""",75,150,шт,,
Инсан Медиа,"Плакат двустор. ар.алфавит ""Фрукты овощи""",75,150,шт,,
Инсан Медиа,Плакат двустор. ар.алфавит с песенкой,75,150,шт,,
Инсан Медиа,"Плакат двусторонний ""Веселый махрадж""",75,150,шт,,
Инсан Медиа,Плакат Мультипликационный Тахарат,80,150,шт,,
Инсан Медиа,"Плакат намаз двусторонний ""Инсан медиа """,80,150,шт,,
Инсан Медиа,"Полезные наставления ""Инсан Медиа""",250,380,шт,,
Инсан Медиа,"Потешки ""Как люблю Аллаха я""",150,250,шт,,
Инсан Медиа,"Прекрасные имена Аллаха ч1 ""Инсан медиа""",150,250,шт,,
Инсан Медиа,"Прекрасные имена Аллаха ч2 ""Инсан медиа""",150,250,шт,,
Инсан Медиа,"Прекрасные имена Аллаха ч3 ""Инсан медиа""",150,250,шт,,
Инсан Медиа,"Прекрасные имена Аллаха ч4 ""Инсан медиа""",150,250,шт,,
Инсан Медиа,"Прописи для больших и маленьких ""Инсан медиа""",160,270,шт,,
Инсан Медиа,Прописи к Муаллим сани,110,200,шт,,
Инсан Медиа,"Путешествие по мечетям ""Инсан медиа""",150,260,шт,,
Инсан Медиа,"Раскраска ""Веселый махрадж""",100,200,шт,,
Инсан Медиа,"Раскраска ""Потешки""",70,110,шт,,
Инсан Медиа,"Раскраска ""Прекрасные имена Аллаха""",80,150,шт,,
Инсан Медиа,Цвета в стихах для малышей,160,300,шт,,
Инсан Медиа,"Шпаргалка по правилам таджвида ""Инсан медиа""",120,250,шт,,
НунБук,"40 хадисов о величии Господа миров ""НунБук""",150,200,шт,,
НунБук,"Ангелы вокруг нас ""НунБук""",120,150,шт,,
НунБук,Мединская методика обучения письму,300,350,шт,,
НунБук,"Путешествие к Аллаху ""НунБук""",375,450,шт,,
Разное,40 достоверных хадисов для детей,350,400,шт,,
Разное,40 хадисов о семейной жизни,125,150,шт,,
Разное,Аль Акса. Истина против мифов,550,650,шт,,
Разное,Ахират абадияб рукъ,1400,1600,шт,,
Разное,Будь сподвижником,800,900,шт,,
Разное,Вехи Единобожия,125,150,шт,,
Разное,Возвеличивание знаний (на кумыкском),150,200,шт,,
Разное,Вопросы о многоженстве,350,400,шт,,
Разное,"Дверь, которая не закрывается перед лицом просящего ""Салатав букс""",100,130,шт,,
Разное,"Двухракаатная молитва ""Салатав Букс""",120,150,шт,,
Разное,Десятки ибн Каййима,450,550,шт,,
Разное,Достоинства Пророка,750,850,шт,,
Разное,Ибн Рушд,130,150,шт,,
Разное,"Имам ан-Навави ""Салатав Букс""",250,300,шт,,
Разное,Имам Газали,100,120,шт,,
Разное,Исламоведение 1 класс,250,300,шт,,
Разное,Качества праведной женщины (бело-синяя),950,1000,шт,,
Разное,Качества рабов Милостивого,80,100,шт,,
Разное,"Книга знаний ""Ибадат""",420,500,шт,,
Разное,Книга никаха,425,500,шт,,
Разное,Книга о братстве,420,500,шт,,
Разное,Книга похорон (на кумыкском),250,300,шт,,
Разное,Краткое изложение вероубеждения,480,550,шт,,
Разное,Краткое изложение основ сунны,250,300,шт,,
Разное,Краткое изложение целей шариата,480,550,шт,,
Разное,"Молитва ""Aqrau Kutub""",300,350,шт,,
Разное,Наука чтения и ее методы,400,500,шт,,
Разное,"Невыдуманная история ""Салатав Букс""",100,130,шт,,
Разное,Нравы обладателей Корана,500,600,шт,,
Разное,Оказание поддержки единобожникам,120,140,шт,,
Разное,Основы религиозных убеждений,450,500,шт,,
Разное,Особенности манхаджа ахлю-с-сунна уаль-джамаа,180,220,шт,,
Разное,Очерки об Исламе,500,550,шт,,
Разное,Понимание четырех правил,400,450,шт,,
Разное,Пробуждение веры,100,125,шт,,
Разное,Пророческий путь в воспитании детей в свете Корана и Сунны,950,1000,шт,,
Разное,Путь к покаянию,200,250,шт,,
Разное,Радость глаз единобожников,700,750,шт,,
Разное,"Свет на Усуль Сунна ""Абу Амина Асари""",330,400,шт,,
Разное,Сокровища Рамадана,130,150,шт,,
Разное,"Спасайте молодежь, пока не поздно ""Салатав Букс""",100,130,шт,,
Разное,Убеждения имама аш-шафии,400,500,шт,,
Разное,"Удел предопределен, но труд обязателен ""Салатав букс""",100,130,шт,,
Разное,Успокоение души во время бед и несчастий,650,750,шт,,
Разное,Философия энергии,125,150,шт,,
Разное,Эпизоды из жизни пророка,500,550,шт,,
Тильмиз,"Арабские прописи ""TILMIZ""",175,220,шт,,
Тильмиз,"Дощечка ""Арабские Цифры и Элементы"" TILMIZ",300,330,шт,,
Тильмиз,"Дощечка ""Русский алфавит"" TILMIZ",300,330,шт,,
Тильмиз,"Игра ""10 обрадованных раем"" TILMIZ",1550,1750,шт,,
Тильмиз,"Игра ""5 столпов ислама"" TILMIZ",1550,1750,шт,,
Тильмиз,"Игра ""6 столпов имана"" TILMIZ",1450,1650,шт,,
Тильмиз,"Игра ""Арабский алфавит"" TILMIZ",700,800,шт,,
Тильмиз,"Игра ""Пророки"" TILMIZ",1550,1750,шт,,
Тильмиз,"Игра ""Сира"" TILMIZ",1550,1750,шт,,
Тильмиз,"Игра ""Тиджара"" TILMIZ",1650,1850,шт,,
Тильмиз,"Игра ""Хадж"" TILMIZ",1550,1750,шт,,
Тильмиз,"Карточки ""Одежда"" TILMIZ",280,300,шт,,
Тильмиз,"Карточки ""Посуда"" TILMIZ",280,300,шт,,
Тильмиз,"Карточки ""Транспорт"" TILMIZ",280,300,шт,,
Тильмиз,Мой первый арабский с объемными картинками TILMIZ,400,500,шт,,
Тильмиз,"Пропись/раскраска ""Арабский алфавит""",90,100,шт,,
Тильмиз,Рабочая тетрадь по таджвиду TILMIZ,180,200,шт,,
Тильмиз,"Раскраска ""Антистресс"" TILMIZ",65,75,шт,,
Тильмиз,"Раскраска ""Мечети для малышей"" TILMIZ",80,100,шт,,
Тильмиз,"Раскраска ""Мечети мира"" TILMIZ",80,100,шт,,
Тильмиз,"Раскраска ""Мечети России"" TILMIZ",85,100,шт,,
Тильмиз,"Раскраска ""Мой первый хиджаб"" TILMIZ",60,70,шт,,
Тильмиз,"Раскраска ""Овощи"" TILMIZ",70,80,шт,,
Тильмиз,"Раскраска ""Фрукты"" TILMIZ",70,80,шт,,
Тильмиз,"Раскраска ""Ягоды"" TILMIZ",70,80,шт,,
Тильмиз,"Раскраска для девочек ""TILMIZ""",75,110,шт,,
Тильмиз,"Раскраска для малышей ""TILMIZ""",70,80,шт,,
Тильмиз,"Раскраска для мальчиков ""TILMIZ""",70,80,шт,,
Тильмиз,Таджвид для начинающих TILMIZ,270,320,шт,,
Умма Ленд,"Горы и Город каникулы на высоте ""Умма Ленд""",850,1000,шт,,
Умма Ленд,"Коробка ""Баул""",100,130,шт,,
Умма Ленд,"Коробка ""Кубик""",90,110,шт,,
Умма Ленд,"Коробка ""Рюкзак""",150,220,шт,,
Умма Ленд,"Коробка ""Сюрприз""",50,60,шт,,
Умма Ленд,"Коробка ""Фонарь""",80,105,шт,,
Умма Ленд,"Коробка ""Фура""",200,265,шт,,
Умма Ленд,"Коробка ""Хром""",100,130,шт,,
Умма Ленд,"Коробка куб ""Неоновые огни, фиолетовая""",140,165,шт,,
Умма Ленд,"Коробка куб ""Фонарик, золотая""",140,165,шт,,
Умма Ленд,"Любовь к исламу через игры ""Умма Ленд""",450,550,шт,,
Умма Ленд,Пакет кулек,25,30,шт,,
Умма Ленд,Пакет средний,100,150,шт,,
Умма Ленд,Письма Рамадана,220,240,шт,,
Умма Ленд,Письма Рамадана 3+,220,240,шт,,
Умма Ленд,Рамадан активити 2 часть,250,350,шт,,
Умма Ленд,"Раскраска ""Созданный мир"" ""Умма Ленд""",65,80,шт,,
Умма Ленд,Сура аль-'Аср,270,330,шт,,
Умма Ленд,"Тренажер по арабскому языку 1 часть ""Умма Ленд""",160,220,шт,,
Умма Ленд,"Тренажер по арабскому языку 2 часть ""Умма Ленд""",160,220,шт,,
Умма Ленд,"Юнус ""Умма Ленд""",180,220,шт,,
Фаджр,"100 дуа ""Фаджр""",100,120,шт,,
Фаджр,"100 дуа ""Фаджр"" большой формат",130,150,шт,,
Фаджр,"2 свидетельства ""Фаджр""",350,400,шт,,
Фаджр,"40 хадисов о воспитании детей ""Фаджр""",600,650,шт,,
Фаджр,Вопросы по молитве,700,800,шт,,
Фаджр,"Книга о торговле ""Фаджр""",450,500,шт,,
Фаджр,"Книга удела ""Фаджр""",850,950,шт,,
Фаджр,"Отведение сомнений Абдурразак Бадр ""Фаджр""",550,600,шт,,
Фаджр,"Отведение сомнений Кусайр ""Фаджр""",250,300,шт,,
Фаджр,Провизия переселяющегося к Господу,350,400,шт,,
Фаджр,"Разъяснение трактатов ""Фаджр""",550,600,шт,,
Фаджр,"Редко практикуемые сунны ""Фаджр""",500,550,шт,,
Фаджр,Секреты супружеской жизни в свете Корана и Сунны,650,750,шт,,
Фаджр,"Слова поминания и нормы этикета ""Фаджр""",600,650,шт,,
Фаджр,"Уникальное пособие для ищущих знания ""Фаджр""",500,600,шт,,
Фаджр,Этикет бракосочетания,300,350,шт,,
Читай Умма,"Как избавиться от печали ""Читай Умма""",150,200,шт,,
Читай Умма,Лекции о Коране,350,450,шт,,
Читай Умма,"Пятничные проповеди ""Читай Умма""",500,600,шт,,
Читай Умма,Стремящиеся в Рай,40,50,шт,,
Читай Умма,"Таджвид 2022 ""Читай Умма""",65,75,шт,,
Читай Умма,"Твоя молитва ""Читай Умма""",50,65,шт,,
Читай Умма,Шутки в Исламе,250,300,шт,,
#обновлено,05.09.2026,,,,,
